,nation,name,keyword
0,베트남,빈펄,"['리조트', '호텔', '최고', '시설', '다낭', '바다', '아름다운', '거리', '사파리', '럭셔리', '그린', '빌라', '국제공항', '관광', '공항', '선정', '하롱베이', '해변', '다양한', '조성', '모래', '캐디', '많은', '스파', '자연', '숙박', '웨이', '페어', '기후', '휴양지', '벙커', '관광지', '도시', '유명한', '서비스', '규모', '링크스', '차량', '조식', '워터파크', '카트', '가족', '놀이', '국제', '베이', '아시아', '푸른', '인기', '나무', '하얀', '있구요', '베드룸', '깜란', '좋은', '시내', '호이안', '경험', '수준', '멋진', '수영장', '전장', '디자인', '금액', '자리', '오픈', '타고', '레스토랑', '모어', '자세한', '특별', '플레이', '접종', '다이아몬드', '여행객', '자체', '그냥', '최대', '프라이', '인천', '공원', '주시', '겨울', '건기', '호치민', '추천', '원더', '우기', '최근', '백신', '도전', '레이아웃', '접근성', '판매', '빠른', '설명', '브랜드', '소식', '송지아', '해외여행', '멤버', '격리', '호수', '전화', '노선', '통해', '베드', '아니라', '화장실', '경치', '루비', '고품격', '가능한', '레저', '휴양', '과장', '캇비', '직항', '일반', '테마', '여행지', '넓은', '여기', '난이도', '파크', '미리', '산업', '표준', '새로운', '샌딩', '선호', '전체', '버블', '전용', '시기', '자가', '있다는', '부대', '유명합니다', '부터', '완벽한', '오션', '연락', '여권', '선착순', '선택', '시티', '숙소', '스윙', '비치', '링크', '평가', '거의', '동굴', '로비', '해안', '고객', '챔피언십', '뛰어난', '지속', '누구', '트리', '내용', '기온', '남부', '동안', '광고', '기회', '가로', '최저', '분위기', '최상', '드라이버', '욕실', '프리미엄', '굉장히', '픽업', '영향', '바다로', '급부', '풍경', '편안하게', '새벽', '상태', '성인', '이기', '디스커버리', '지점', '전역', '전망', '가치', '활용', '명문', '중부', '숙박시설', '스피드', '자동차', '진주', '어디', '아닌', '관광객', '챔피언', '한지', '약간', '실속', '환경', '항구', '한정', '품격', '해양', '식사', '해안가', '아름답게', '프로', '정돈', '연중', '편이', '인테리어', '정식', '조화', '잔디', '주요', '중심', '지구', '지로', '지인', '있음', '있도록', '있는데', '직영', '있게', '입력', '이미지', '언제', '챔피언쉽', '이메일', '유네스코', '처음', '추석', '추억', '컨벤션', '열사', '탕롱', '여행사', '트래블', '트윈', '없음', '없을', '습지', '가까운', '스페셜', '비교', '단지', '대우', '도심', '드라코', '디럭스', '디자이너', '만큼', '명의', '바닷가', '바이', '발행', '배경', '보장', '본격', '분야', '높은', '노먼', '내내', '규격', '거실', '고급', '고운', '골드', '곳곳', '국가', '그래픽', '낙원', '그렉', '기대', '기도', '깔끔하게', '나라', '나짱', '브라이언', '문화', '세미', '비즈니스', '소유', '선선', '세상', '사실', '셔틀', '비슷한', '데스크', '더욱더', '대하', '상세', '대상', '대비', '컬리', '크게', '쿠옥', '단체', '타임', '탑승', '약시', '택시', '다운', '다빈', '툭툭', '색다른', '야외', '어떻게', '최적', '최초', '특급', '로터스', '로컬', '로얄', '레인지', '레이', '진정한', '라면', '따라서', '따뜻한', '사진', '언덕', '등재', '천연', '체인', '등록', '드타', '어워드', '최대한', '동남아', '최신', '독특한', '안정', '아쿠아리움', '날짜', '건물', '수가', '해도', '고급스러운', '수도', '계열', '경기', '결제', '핵심', '현명한', '거주', '식탁', '순간', '개월', '화려한', '같습니다', '같다', '환상', '각국', '가루', '가능해', '합리', '관심', '티샷', '포브스', '파리', '증가', '아열대', '펄사', '페리', '깨끗하고', '편의점', '깔끔하고', '설탕', '길잡이', '필드', '푸꿕', '아름다', '급성', '그림', '프로그램', '프론트', '그런지', '센터', '플레이어', '마지막', '힐링', '전문가', '정산', '발코니', '없지만', '전형', '엔터테인먼트', '북단', '유일하게', '백사', '저녁', '장소', '잡고', '볼거리', '이자', '번호', '자세히', '이지', '자산', '워낙', '변동', '별로', '분포', '보신', '비행기', '여개', '복장', '입구', '사가', '사업', '미팅', '좋았다', '역사', '연속', '맑은', '연습장', '음식', '열대', '매출', '메인', '여름', '명소', '없어서', '정원', '인천공항', '좋아하는', '좋답니다', '제일', '스코어', '무성', '목적지', '종합', '요구', '부킹', '의식', '오직', '부족함', '월별', '위쪽', '원하시는', '실감', '유료', '중요한', '원하는', '원시림', '원래', '웅장', '운항', '운전', '우아한', '불가', '불가합니다', '불빛', '붕따우', '뷔페', '블러프', '블록', '부옌섬', '보트', '융단', '진입', '배트', '배치', '창구', '차지', '차액', '차로', '지형', '음악', '지오', '중순', '지상', '비롯', '없어', '증정', '백만원', '버기카', '번갈아', '법인', '베스트', '별칭', '보아', '증서', '복리', '복합', '본인', '본트레', '부분', '부엌', '이구', '의해', '의무', '지불']"
1,베트남,치링,"['유산', '리조트', '호텔', '박닌', '최고', '그린', '하롱베이', '거리', '시설', '공항', '관광', '다양한', '명문', '마사지', '페어', '겨울', '자연', '동남아', '서비스', '숙소', '시내', '추천', '웨이', '아름다운', '식당', '좋은', '많은', '캐디', '대우', '유네스코', '건강', '관광지', '선정', '벙커', '국제', '인근', '기온', '식사', '휴식', '가라오케', '호수', '도보', '숙박', '박닌성', '중심', '센터', '음식', '다낭', '있도록', '카트', '차량', '많습니다', '시원한', '론칭', '레저', '차장', '연중', '없음', '대기', '유명한', '전경', '도시', '수준', '이원기', '송영', '대회', '지형', '사랑', '건물', '발행', '공유', '부대', '각종', '사이드', '가신', '고객', '개인', '편이', '최초', '국립공원', '최대', '빠른', '행복', '이기', '거주', '거의', '빌라', '반드시', '격리', '동쪽', '브랜드', '한정', '규모', '우기', '회화', '매력', '베트남어', '말씀', '밴드', '가방', '멋진', '린스', '부킹', '가치', '약관', '얘기', '언제', '헤저드', '사본', '여권', '이후', '이유', '높은', '궁금하신', '최근', '기념', '국가', '선착순', '기억', '출시', '기원', '주요', '무형', '제휴', '전체', '전자', '남산국', '타의', '소식', '사진', '체크', '박닌시', '담당', '무게', '단위', '바이', '장마', '법인', '자료', '바로가기', '산업', '서류', '비치', '성조', '사파리', '가능하며', '소지', '수많은', '사계절', '보관', '수도', '아니라', '한자', '통해', '판매', '퍼팅', '편안한', '프로젝트', '플레이', '한국어', '한식', '한인타운', '한잔', '아시아', '해발', '해변', '해저드', '행복한', '행정', '형성', '환상', '횟수', '휴양', '택시', '키스', '코리아', '카지노', '야자수', '없습니다', '연습장', '운동', '유명', '이글', '이내', '이미지', '인구', '일반', '입금', '작은', '적절한', '전통', '전화', '조식', '즐거운', '진행중', '철길', '있지만', '휴양지', '국민', '모임', '문화유산', '문화', '동양', '무시', '두번째', '고민', '나오니', '나무', '무기', '공장', '바다', '드라이빙', '멤버', '구분', '기초', '구역', '맛있음', '기차', '레인지', '레이크', '경험', '무방', '레스토랑', '간단한', '강추', '개최', '갈비', '거성', '방언', '단계', '발전', '기후', '주로', '일체', '주문', '단지', '중국집', '있는데', '종료', '중석', '있네요', '중식', '김현배', '일식', '중요한건', '기사', '증서', '지대', '지방', '기본', '일수', '직통', '달러', '직항', '진입', '진정한', '김해', '자가', '제외', '적당한', '자리', '다양하게', '다르게', '자유롭게', '자체', '뉴스', '누군가', '장박', '장소', '저녁', '저렴하게', '있죠', '누구', '접종', '있으시면', '적절히', '기둥', '있었습니다', '전문', '있었는데', '있어도', '전장', '전적', '나라', '다릅니다', '깊은', '꾸준히', '번만', '기대해', '건기', '편안하고', '고급', '계획', '포인트', '표준', '표현', '계좌', '계십니다', '계신다면', '한국말', '계시는', '계산', '계곡', '건축물', '한정판', '차로', '항상', '거북이', '같습니다', '간편하게', '간단히', '호가', '호주', '가족', '홀컵', '가을', '가성', '가로', '가득', '가능한', '편안하게', '곱창', '곳곳', '특성', '기대', '채운', '금액', '그냥', '초과', '규격', '국민은행', '인천', '최상', '최적', '구현', '추억', '구비', '치킨', '친구', '친선', '카카오', '교민', '광고', '관련', '코리아타운', '크게', '과학', '타고', '타석', '타운', '과장', '공시', '투자', '인천공항', '당장', '인정', '어디', '스파', '숫자', '명시', '숙박시설', '명품', '모습', '수영장', '수상', '목적', '쇼핑', '소통', '무더위', '소중한', '소유', '무려', '명소', '면적', '맞은편', '마음', '약간', '야하는', '리버', '알찬', '안정', '아울렛', '아시', '망할', '망고', '싱싱한', '실천', '실의', '실감', '식이', '세상', '성도', '성공', '발굴', '박린', '박성', '박장성', '빠르게', '반점', '비회', '비롯', '사업', '분석', '북쪽', '부탁드립니다', '부장', '부동산', '배치', '박동', '사업자', '선호', '상황', '석회암', '물건', '서명', '물속', '서도', '새로운', '상태', '사용제한', '상징', '삼겹살', '미리', '산악', '바위', '바트', '양식', '어떠셨나요', '인접', '도움', '어떤', '유럽', '동시', '유명합니다', '동반', '유서', '유선', '유익한', '유지', '유형', '동굴', '독립', '뎁짜이', '드넓은', '이득', '대형', '이미테이션', '대지', '대상', '이즈', '이집', '대다수', '백신', '닭갈비', '인보이스', '인생', '위주', '유래', '등등', '요즘', '오픈', '오버', '영어', '영국', '등록', '등재', '연락처', '역사', '여름', '여기', '디자인', '락커룸', '랜드마크', '없다는', '언어', '어휘', '어떨까', '완비', '가끔', '우수', '워터', '워터파크', '원가', '위급할', '유리', '위기', '원활한', '윈터', '유구', '원래', '원더', '재계', '유명하기에', '유명하죠', '작성', '장의', '장엄한', '장기', '잡고', '월남어']"
2,베트남,옌중,"['최고', '리조트', '유산', '호텔', '거리', '하롱베이', '도전', '자연', '시내', '관광', '공항', '그린', '겨울', '미국', '아름다운', '선정', '많은', '좋은', '유네스코', '사이드', '캐디', '박닌', '다양한', '서비스', '협회', '숙박', '단계', '호수', '최초', '대우', '라면', '사진', '플레이', '명문', '시설', '국제', '동남아', '경험', '멋진', '특별', '추천', '기후', '레이아웃', '수도', '박닌시', '독특한', '백신', '자세한', '코리아타운', '관광지', '빌라', '산악', '페어', '이기', '웨이', '규모', '차량', '자료', '채운', '조사', '시기', '여권', '수상', '인증', '좋아하는', '지형', '근접', '결과', '상속', '아시아', '최적', '완공', '국가', '가치', '유명한', '과장', '선호', '온라인', '숙소', '카트', '다낭', '박동', '건축물', '휴식', '전경', '거주', '가성', '담당', '같습니다', '독창', '대회', '저렴한', '없음', '경관', '실속', '연락', '매력', '최고급', '공유', '이후', '투표', '전화', '사장', '한정', '금액', '무형', '식당', '문화유산', '계절', '기존', '연중', '모래', '재미있는', '관심', '나라', '반드시', '조화', '주로', '바이', '조직', '박린', '접근성', '조정', '발급', '수권', '송영', '소유', '전문', '성공', '전자', '장박', '서로', '샤워', '전체', '상태', '사랑', '사계절', '정식', '블로그', '식사', '분야', '부탁드립니다', '부장', '부동산', '부대', '별로', '벙커', '법인', '실시', '방역', '발행', '주시', '음식', '중심부', '편안한', '키스', '명품', '오진', '금일', '투자', '국민', '국립공원', '트래블', '교통', '오픈', '티샷', '판매', '광고', '편이', '쾌적한', '우수', '고품격', '합리', '고급', '해변', '계곡', '이내', '겨울철', '위원회', '개최', '환율', '의미', '힐링', '기획', '타운', '따라서', '입점', '명소', '지대', '안녕하십니까', '직항', '많습니다', '차장', '마을', '마사지', '가로', '있으면', '컨트리클럽', '최근', '최대', '저렴하게', '추억', '출시', '치기', '녹색', '카지노', '다릅니다', '저녁', '이러한', '자세하게', '인플레', '일반', '자녀', '있음', '인천공항', '이래', '이성원', '인증서', '자세히', '입금', '일수', '입국', '이야기', '인기', '인접', '장기', '자체', '인형극', '가능하다', '전담', '픽업', '코리아', '쿠폰', '크게', '탁트인', '토로', '통합', '통해', '특이합니다', '파견', '패스', '프로', '프로그램', '한국어', '전망', '한식', '해도', '해양', '행복', '헥타르', '현장', '호가', '홀컵', '확대', '활용', '휴양', '휴양지', '케어', '컨트리', '친환경', '친선', '전면', '전문가', '전장', '전적', '전통', '접종', '정평', '제도', '조경', '조선일보', '종류', '좋고', '주석', '중앙', '증설', '유형', '지시', '진행중', '집계', '첨부', '체결', '최대한', '최적화', '최종', '취급', '지난', '어떤', '유지', '내장', '등재', '동안', '동시', '동반', '도그레그', '대상', '대리', '대다수', '당연히', '달리', '단지', '단독', '다양해서', '다양하게', '다르게', '능선', '누구', '럭셔리', '런칭', '레저', '면적', '미리', '물의', '물속', '문화', '모임', '모습', '유일한', '멀지', '마찬가지', '머니', '맞춤', '망고', '맛사지', '맑은', '만큼', '마케팅', '넓은', '내내', '바위', '내기', '계좌', '계십니다', '계산서', '결합', '검증', '건기', '건강', '거의', '강력', '감정', '감사', '간혹', '간지', '각종', '가을', '가볍게', '가면', '고도', '고유', '공감', '기본', '남산국', '꾸준히', '김현배', '김치찌개', '기원', '기온', '기사', '기도', '공단', '기념', '국민은행', '국내외', '교민', '관광객', '과학', '공사', '바다', '힘들지만', '사가', '야하는', '술집', '스파', '발굴', '스포츠', '박항서', '시야', '시원한', '시행', '신분', '박린시', '실의', '실제', '싱싱한', '아니라', '야시장', '배치', '복합', '수준', '사파리', '세금', '설명', '선택', '석회암', '서도', '상황', '사정', '부킹', '수건', '빠른', '수많은', '비치', '브랜드', '불만', '소유자', '세컨샷', '박닌시내', '연결', '여름', '연속', '여러가지', '없다는', '영국', '영상', '없고', '오르모크', '완료', '완벽하게', '완벽한', '언덕', '완비', '운딩', '울창', '원시림', '원하시는', '위험', '유럽', '역쉬', '괜찮은', '구경', '골짜기', '골프대회', '공개', '기진', '있었으며', '공부', '공시', '있으시면', '있으신', '관광명소', '괜찮습니다', '괜찮았습니다', '구글지도', '교육', '좋아서', '좋겠죠', '주의', '즐겁게', '즐거운', '종결', '중인', '중이', '중요한', '중요하겠죠', '중심지', '종유석', '중식', '주체', '주요', '정복', '종종', '종합', '좋게', '주관', '좋을듯', '좋을거', '좋을', '좋겠네요', '좋으며', '좋으니', '좋아하시는', '즐비합니다', '증명', '증서', '좁기', '조만간', '조식', '조용하고', '조종석', '조치', '진입', '진다리', '조합', '직영', '지지', '지정', '지점', '지오', '매일', '지불', '지방', '지면', '지루하지', '지로', '존맛', '존재', '지구', '지고', '즈엉동']"
3,말레이시아,닐라이스프링스,"['리조트', '그린', '라이', '시설', '망고', '공항', '호텔', '거리', '웨이', '수영장', '페어', '부대', '최고', '식사', '카트', '석식', '레스토랑', '서비스', '다양한', '숙박', '대우', '명문', '도전', '스쿼시', '동반', '시내', '풍경', '좋은', '프로', '연습장', '식당', '많은', '나인', '아름다운', '벙커', '부부', '테니스', '자연', '경사', '조식', '인기', '동남아', '플레이', '마음', '추천', '접종', '한식', '경관', '음식', '기본', '자세한', '카톡', '드라이버', '김동준', '내용', '테니스장', '맛있는', '테마', '부가세', '국적', '횟수', '해저드', '수도', '국제공항', '연락', '부장', '워터', '정교한', '쿠알라룸프', '내내', '디저트', '경험', '지원', '선착순', '마사지', '가파른', '캐디', '수영', '여기', '고객', '사우나', '럭셔리', '잔디', '퍼팅', '편하게', '휴식', '버뮤다', '파크', '중식', '개인', '미리', '기후', '회장', '언제', '필요한', '에이', '아이언', '증여', '수준', '없습니다', '인플레', '쇼핑', '송영', '주시', '선택', '명소', '조경이', '상태', '접근성', '완벽한', '전화', '저녁', '뷔페', '자가', '있기', '모사', '가까운', '규모', '가족', '고급', '격리', '통해', '코트', '관광', '핸디캡', '교육', '푸트라자야', '완료', '오후', '앰버', '해양스포츠', '게임', '발급', '연결', '편이', '사진', '제일', '발코니', '난이도', '연중', '진행중', '아이', '수려', '장박', '오전', '많아', '최상', '가성', '백신', '마지막', '출시', '환상', '패스', '같습니다', '유명한', '부페', '숙소', '구비', '맛사지', '재미', '아시아', '품격', '사계절', '의식', '비즈니스', '요구', '항상', '상급', '와이프', '훌륭한', '알라', '가능하십니다', '가능한', '시티투어', '시도', '스피드', '감상', '헬스장', '강한', '헤저드', '거의', '여행사', '진입', '연속', '한정', '상세', '편안한', '지형', '볼거리', '뉴스', '기회', '전용', '문화', '나무', '종주국', '주방', '친절하고', '전경', '증서', '지불', '로비', '레슨', '차량', '라면', '전동', '콘도', '금액', '티프트와프', '특별', '기온', '배수', '하단', '중석', '있다는', '없음', '없을', '즐거운', '현명하게', '친절하게', '즐겁게', '어프', '최상호', '아니라', '야외', '입맛', '퍼터', '지상', '인근', '최고급', '푸르', '지식', '일반', '휴양', '친절한', '행정도시', '카페', '전체', '장소', '트레블', '완공', '와이파이', '하모니', '특별할인', '웅장', '자부심', '한눈', '한식당', '프로그램', '장내', '탁구', '크기', '편안하게', '코드', '케어', '조인', '조화', '여러', '컨셉', '있으시다면', '아름다', '휴양지', '부모님', '세미나', '매력', '명품', '동선', '계절', '더운', '상비', '깔끔한', '상기', '대회', '단체', '비행기', '과장', '단지', '무조건', '비롯', '구입', '국제', '느리며', '부터', '궁금하신', '높은', '높낮이', '레이스', '번호', '버블', '설명', '고루', '겐팅', '개념', '가깝고', '두리안', '시기', '뛰어난', '많습니다', '감사', '강력한', '스윙', '라운지', '수영복', '망할', '말레이지아', '손가락', '동안', '시야', '남편', '내부', '내리막', '너머', '타이', '쿠폰', '남녀', '타고', '지인', '날짜', '탁트인', '나름', '나라', '넓은', '드라이기', '디럭스', '친구', '동영상', '촬영', '최상급', '초반', '처음', '차이', '친선', '진가', '단위', '단돈', '닐라이', '최근', '드라이브', '높이', '깨끗한', '싱가폴', '기차', '현명한', '계신다면', '견적', '겨울', '할머니', '합리', '건강', '거실', '해주시', '개요', '개별', '협회', '고문', '간단히', '홀리', '환경', '가시', '회의', '가볍게', '가능해요', '가능하며', '가능하다', '가끔', '하이랜드', '하나로', '기존', '그런', '기도', '기능', '파견', '파빌리온', '파인트', '금은', '금고', '그렉', '그레이', '퍼팅장', '그동안', '공원', '규격', '궁금한', '표석', '국제항', '광고', '풍부한', '풍습', '관련', '관광객', '피로', '지속', '주목', '로치', '비행', '올해', '상당히', '상관없이', '빌라', '요기', '요소', '우선', '우수하며', '우수한', '우아함을', '움운', '워터월드', '지로', '워터헤저드', '원하시는', '불의', '유명한데요', '부킹', '의미', '부인', '이러한', '이유', '부속', '인의', '생맥주', '오프', '오준혁', '샤워', '심하지', '실의', '아름답게', '아마', '실내', '신문', '신도시', '안전한', '안정', '신규', '어려운', '스핀', '얼마', '스콜', '스카이', '에어아시아', '여권', '수상', '수가', '속보', '셔틀버스', '성황리', '영상', '인천', '인천공항', '별로', '무비', '정돈', '정비', '제레미', '제외', '무려', '제휴', '모시', '조성', '매니저', '종일', '매년', '좋아하시는', '좋았어요', '맞춤', '좋을', '주간', '아닌', '맞이', '말씀', '말라카', '즐거움', '많아요', '많고', '정구', '무엇', '베란다', '문의사항', '있다고', '배정', '배너', '방영', '방식', '방문객', '방과', '자연환경', '작전', '발휘', '발행', '발굴', '반드시', '장애물', '장타', '박재현', '박스', '적도', '바닷가', '미팅', '전신', '물놀이', '문제', '시원한']"
4,필리핀,레이테,"['리조트', '자연', '국립공원', '최고', '공항', '그린', '캐디', '장박', '추천', '다양한', '오르모크', '웨이', '바다', '가성', '페어', '숙박', '카트', '좋은', '한식', '관광지', '공기', '힐링', '식사', '동남아', '관광', '호텔', '아름다운', '시설', '청정', '휴양', '서비스', '거리', '호수', '전장', '풍경', '많은', '가능한', '레이테섬', '겨울', '천혜', '선택', '사계절', '넓은', '연속', '이기', '최근', '환경', '해변', '최초', '인기', '요리', '나무', '차장', '시내', '원시', '장기', '매일', '그라스', '동시', '설명', '전화', '만큼', '조성', '내내', '일체', '없음', '선호', '도시', '인천', '규모', '광고', '기후', '뷔페', '가족', '부장', '경험', '운항', '휴식', '발행', '버뮤다', '통해', '연락', '아니라', '계절', '고객', '김동준', '고요한', '타고', '경관', '훈련', '주요', '바오', '숙소', '휴양지', '샤브샤브', '카톡', '정취', '연중', '명소', '유일', '막탄', '여권', '출시', '특별', '운동', '미팅', '무엇', '음식', '이유', '도전', '글라스', '다나', '청명', '사파리', '헥타르', '호점', '저렴한', '수가', '기존', '디자인', '기본', '시원하고', '취향', '시기', '명문', '라파스', '페리', '쇼핑', '진주', '국내선', '티잉', '주시', '여름', '열대', '자세한', '빌라', '개방', '가치', '자유롭게', '편안함', '금액', '대리', '레스토랑', '레이', '선정', '은퇴', '항상', '오픈', '선수', '플레이', '증서', '항구', '완공', '쾌속', '카이', '백신', '컨트리클럽', '쇼핑몰', '격리', '실속', '동반', '동안', '한정', '사랑', '자리', '사진', '다릅니다', '임대', '다이빙', '궁금하신', '있을', '나라', '적극', '최대', '수영장', '여행사', '스파', '선명한', '선착순', '채운', '여행객', '수많은', '천국', '색다른', '새벽', '야시장', '소식', '없습니다', '상무', '친구', '어디', '신선한', '안정', '여러', '취하', '맛집', '칼라', '국적', '링크', '칼리', '해산물', '해양', '높은', '녹색', '전용', '인플레', '김천', '기회', '있도록', '국가', '만끽', '있지만', '구미역', '굉장히', '관심', '관광객', '경영', '겨울철', '건강', '횟수', '같습니다', '가을', '유지', '해발', '프리미엄', '메카', '오진', '볼거리', '보이', '중부', '티비', '미리', '워터파크', '무안', '무공', '목시', '유명한', '모습', '차이', '맞춤', '차량', '좋고', '매력', '품격', '제일', '에덴동산', '안전', '즐거운', '조식', '없으며', '여행지', '자가', '완료', '정규', '원조', '인근', '언제', '있죠', '좋아하는', '어떤', '적합한', '전면', '인원', '원하는', '있게', '언덕', '부킹', '아시아', '법인', '대통령', '더해', '라이', '마사지', '마운틴', '마지막', '만족도', '풍부한', '많은데', '맑은', '매일경제', '먹거리', '페소', '바닷가', '박용', '대구', '노력', '냐짱', '그루', '가능하며', '훼손', '고향', '공원', '국제공항', '그때', '기사', '내용', '기온', '김해', '깨끗한', '난의', '난이도', '남산국', '발급', '모양', '잔디', '체크', '세심', '최적', '선선', '손길', '최소', '스타일', '상황', '상세', '시원하게', '비행기', '산악', '잠시', '아닌', '블로그', '케어', '식당', '화하면서도', '첨부', '훌륭한', '확대', '최저', '지방', '행복한', '행복', '전망', '화제', '초승달', '지상', '지원', '지루하지', '청록색', '추억', '쾌적합니다', '해외여행', '증여', '트래블', '중석', '특산', '파크', '주로', '판매', '진행중', '컨셉', '커미션', '푸켓', '즐거움', '조리사', '카카오', '제휴', '치안', '피로', '피해', '하니', '치기', '하단', '택시', '정감', '가까운', '자유로운', '벌써', '만약', '많고', '맑고', '매니저', '매운', '면역', '모델링', '모임', '문의사항', '문제', '버블', '버스', '번호', '복귀', '소고기', '복합', '분포', '비교', '비롯', '사업', '사장', '상관없이', '상비', '상태', '샌딩', '선상', '성공', '세트', '마음', '린지', '레이스', '럭셔리', '가로', '감사', '감상', '강수량', '개발', '개요', '개월', '거의', '검토', '결정', '경비', '계획', '곳임', '과정', '광명역', '구분', '기원', '뉴스', '다낭', '다운', '단지', '더군다나', '더할', '도심', '동일', '등등', '따라서', '센터', '석식', '소지', '아름다', '송영', '여기', '연인', '오후', '온도', '온천', '요즘', '우기', '원래', '원하시는', '위로', '윤민', '이야기', '이후', '인접', '인천공항', '있으시다면', '아름답고', '엄청난', '시티', '신분', '수도', '시원한', '수요', '스쿠버다이빙', '가깝게', '시대', '유명합니다', '워낙', '상당한', '상륙작전', '유락시설', '유럽', '조경이', '의해', '유형', '시가', '자세하게', '있기', '있다는', '있답니', '자료', '저녁', '장소', '울창', '베스트', '아니고', '지인', '안녕하십니까', '안된', '얘기', '발길', '발굴', '반찬', '반응', '박하시는', '지형', '지정', '어떨까', '신뢰', '어울어', '실내', '신청', '지경', '여러가지', '여행자', '증명서', '증가', '신문', '사원', '산이']"
5,대한민국,현대더링스,"['자연', '그린', '웨이', '페어', '로얄', '링크스', '바다', '벙커', '갈대', '좋은', '해안', '도전', '아름다운', '잔디', '플레이', '시설', '테라스', '숙박', '경험', '친구', '해저드', '습지', '거리', '지형', '식사', '새로운', '서해안', '레이', '다양한', '캐디', '필드', '조식', '카트', '추천', '레이크', '넓은', '매력', '스윙', '황량', '레슨', '여성', '많은', '맛집', '정통', '조화', '해안가', '레스토랑', '파도', '모양', '항아리', '기대', '숙소', '가성', '조성', '티샷', '고려', '체크', '언제', '보전', '음식', '마음', '부남', '유래', '부대', '호텔', '사진', '박스', '워터', '해수욕장', '다양성', '스타트', '생물', '명문', '어디', '식당', '모습', '변해', '스타일', '여행사', '동식물', '태안읍', '기분', '만리', '전문', '좋을듯', '자리', '처음', '오후', '오전', '가을', '편이', '연속', '충청남도', '스코틀랜드어', '최고', '평지', '저녁', '프로', '컨트리클럽', '힐링', '그냥', '입구', '개별', '명량', '개인', '기회', '합리', '홀라운딩', '러프', '수도권', '미터', '차량', '생으로', '치기', '멋진', '식공', '어떤', '세컨', '바베큐', '편입', '노을', '오시', '계획', '대기', '기타', '강남', '항상', '요즘', '간척지', '편하게', '둘레', '규모', '종료', '이건', '경관', '곡길', '좋고', '궁금하신', '골프공', '본격', '고속도로', '있지만', '고고', '분위기', '클래식', '화장실', '경비', '부킹', '퍼팅면', '사우나', '스코어', '가족', '수련', '각종', '휴식', '세이브', '간장게장', '간직', '감상', '추석', '같습니다', '저렴한', '상태', '상세', '상당히', '재미', '배경', '버디', '그늘', '타고', '통해', '퍼팅', '주의', '덕분', '풍경', '대우', '우럭', '운딩', '어프', '플레인', '어렵게', '이레', '이후', '좋을', '추억', '기상', '기도', '해산물', '인기', '즐거운', '없습니다', '전체', '싱글', '천리안', '스카이', '착한', '여기', '없고', '오버', '전통', '주소', '주니어', '영향', '저번', '좋았습니다', '얼마', '아쉬운', '실수', '이외', '이야기', '이면', '잠시', '유지', '스트레스', '지점', '정확한', '있었습니다', '장타', '좋았어요', '있었던', '차례', '스포츠', '아마', '셀프', '네임텍', '누구', '다소', '프론트', '당일', '푸른', '선택', '평가', '편의점', '따라서', '편안한', '로서', '로치', '롱비치', '리조트', '링크', '만족', '만족스러운', '피로', '필요', '맑은', '내용', '감안', '후반전', '같아', '개념', '거기', '거의', '게장', '확정', '견적', '경치', '괜찮은', '기억', '길고', '필요한', '낙지', '남산국', '낭만', '패밀리', '절감', '살짝', '사이트', '바닷가', '테이블', '사실', '비도', '특성', '상황', '서비스', '분석', '맛있는', '쾌청한', '카카오', '서식', '멀리', '서영', '콘도', '매트', '좀더', '좁고', '최악', '지난', '좁은', '형태', '현장', '화이트', '햇빛', '좋고요', '좋다고', '좋아서', '홀퍼블릭', '제의', '화이팅', '확실히', '침대', '좋아하시는', '친절하게', '환경', '정표', '홧팅', '회의실', '회장', '정돈', '정갈한', '접근성', '흥미', '좋아요', '최근', '좋았는데', '해물', '타석', '탑핑', '편안함', '주방', '투온', '퍼블릭', '지인', '지불', '주차장', '중제', '지방', '티업', '즐겁습니다', '지도', '증권', '좌우', '포구', '좋지', '컨택', '해결', '최상', '하니', '좋을것', '카풀', '컨셉', '컨트리', '퀄리티', '켄터키', '피지', '천혜', '전화', '참여', '품격', '평야', '가게', '전형', '락카', '라면', '드라이빙', '드라이버', '두번째', '동일한', '동안', '동선', '동반', '동남아', '도심', '도그레그', '더욱더', '대회', '단조롭지', '다짐', '라운딩후', '레이아웃', '높은', '로고', '번지', '버섯', '발생', '발달', '발걸음', '미리', '미니', '무조건', '묘미', '목표', '모임', '모래', '명품', '많고요', '많고', '느려', '높아', '전력', '과학', '공기', '고생', '계절', '계열', '겸용', '겨울', '거실', '거래소', '갯마을', '개요', '같더라구요', '강한', '간식', '간만', '가치', '공이', '굉장히', '노래방', '교통', '노래', '넘치는', '꾸욱', '꽃게', '기존', '기온', '기본', '금표', '금요일', '글라스', '그렉', '그라스', '궁금하시면', '국물', '구경', '번호', '벌레', '벤트', '일요일', '인접', '인원', '인상', '인사', '익숙한', '이해', '욕실', '올해', '오프', '예전', '예약금', '영국', '연결', '여름', '여러', '인터넷', '일이', '복잡한', '일찍', '전날', '적극', '재료', '장소', '잡고', '작은', '자연환경', '자세한', '자동', '있는데', '있긴', '있기', '있게', '입금', '임텍', '여개', '없을', '업무', '언덕', '스튜디오', '숙녀', '수준', '샤프트', '색다른', '살이', '산지', '사이즈', '빠르기', '비슷하게', '비교', '분명', '분과', '부분', '부부', '시원', '시원하고', '시원한', '아시', '어떻게', '양쪽', '야하는', '야경', '앞면', '앞뒤', '아스', '식물', '아쉬움', '아름다', '아닐까', '아니지만', '아니라', '신중한', '힘들']"
6,대한민국,제피로스,"['그린필드', '그린', '호텔', '자연', '잔디', '좋은', '플레이', '상태', '조식', '많은', '공항', '페어', '합리', '한라산', '넓은', '저렴한', '규모', '인기', '종류', '뛰어난', '디자인', '카페', '숙박', '괜찮은', '유명한', '인공', '가성', '환경', '가능한', '웨이', '쉬운', '바다', '조형', '명문', '좋아하시는', '매물', '매도', '얘기', '요구', '만족감', '연락', '알맞게', '루프', '랍니', '왜가리', '동시', '도전', '도보', '추천', '데스크', '대지', '여기', '알맞은', '변화', '발산', '산이', '수영장', '센터', '시내', '세인트', '있기', '섬세한', '있으시면', '시설', '이기', '신분', '산세', '숙소', '실시간', '사계절', '빠르게', '블랙스톤', '워터', '아름다운', '분위기', '운전', '부드러운', '부대', '노소', '신라레져', '타고', '고객', '편안한', '편안함', '편하게', '테디', '프로', '피로', '관심', '경험', '나무', '해변', '해저드', '헤저드', '거리', '현장', '같습니다', '감상', '기억', '풍경', '남녀', '촘촘하', '항공사', '있게끔', '있게', '입구', '일품', '일찍', '일상', '친절한', '해결', '해도', '일반', '칡꽃', '인해서', '인플레', '해수욕장', '한창', '있다는', '이지', '한잔', '하단', '작성', '자유', '하반기', '자세한', '친절하게', '자세하게', '한가운데', '있지만', '있을', '한라', '한식', '있으므로', '있으', '있답니당', '카니발', '행복하게', '초보', '운동', '우린', '혹시', '홍보', '욕구', '요즘', '환불', '활엽수', '훌륭해졌는데요', '완전', '오히려', '오후', '오프', '오전', '희소식', '예술', '우선', '운수', '이용도', '크기', '카트', '이로', '토너먼트', '의주', '유치할', '유지', '헤져드', '헬스장', '캐디', '유명', '크게', '원하시는', '형성', '웅장', '호수', '필요하', '작은', '필드', '주위', '파란', '주산', '주룩주룩', '주로', '파악', '좌우', '파이', '편리한데요', '편안하게', '좋으실거', '편안하고', '추억', '좋아서', '좋고', '좋겠죠', '주시', '즐거운', '잔잔하게', '지로', '투숙', '특가', '청띠제비나비', '천혜', '챔피언', '참새', '티샷', '착합니다', '착한', '차량', '티옵', '차고', '지형', '지인', '지불', '편안하면서도', '좁으며', '조화로움', '조화로운', '토스', '전문', '전경', '적절하게', '표시', '품격', '적당한', '토대', '저렴하고', '저녁', '저가', '재미있는', '출시', '장박', '충족', '전장', '전체', '전화하면', '편이', '조화', '통해', '토종', '조천', '편의점', '제주시', '제비나비', '절차', '제대로', '정확하게', '정확성', '정표', '정상품', '접근성', '연상', '가까운', '여행사', '난후', '다소', '다르게', '는걸', '높아', '높낮이', '내용', '내내', '남다른', '날짜', '난이도', '다채롭', '나오니', '꾸준히', '꾸준한', '꾸준하게', '꽃나무', '꼼꼼히', '깜깜', '깔끔하게', '깊어지면', '다이내믹', '달개비', '만족하실꺼라', '레스토랑', '만수', '만발', '마지막', '마을', '마운틴', '마사지', '리기', '론데', '레이아웃', '락커', '덕분', '라운지', '라운딩후', '라면', '들보', '동일합니다', '돌담', '도도', '덥지', '덜꿩', '김대훈', '기회', '기호', '같은데요', '경쾌한', '경영', '경비', '결과', '게다가', '건천', '거의', '거래', '개드립', '같고', '기본', '강조', '강아지풀', '감각', '가시', '가벼운', '가능할', '가능한건', '가능하지만', '가능하죠', '계곡', '계신가요', '계약서', '고고', '기도', '금액', '그림', '그럼에도', '그럴', '그런', '그러니', '그래', '그늘', '그날', '궁금하신게', '궁금하신', '국제', '구축', '교체', '관광', '공부', '곳도', '고마', '만약', '많습니다', '여전히', '수목', '시세', '시선', '시기', '시공', '시골', '스파', '스코어', '숲속', '수속', '수도권', '시원해지면서', '셔틀버스', '셔틀', '셀프', '세련되고', '성적', '섬세하게', '선착순', '선배', '상황', '시원해', '식사', '많으실', '안타깝게도', '없어요', '언제', '어울림', '어색한', '어려움', '어떤지에', '어디', '약속', '야외', '안전한', '가끔', '아시', '아마', '아름답게', '아니지요', '아니에요', '아니라', '아니고', '쏭쏭골프', '심지어', '상당히', '삼락', '산악', '문자', '배롱나무', '배경인', '배경', '방울꽃', '반납', '박스', '바탕', '미안했지만', '물이', '문의사항', '산딸나무', '모험', '모습', '모던', '명칭', '명소', '면모', '매수', '매각', '맛집', '배치', '배편', '버뮤다', '버스', '사전', '사우나', '사실', '비지니스', '비싸진거', '비도', '불구', '부킹', '부족함', '부족할', '부전나비', '부인', '부분', '보험', '보지', '보존', '벙커', '법인', '번개', '흰줄']"
7,대한민국,스프링데일,"['그린', '자연', '한라산', '바다', '좋은', '편백나무', '사진', '맛집', '휴식', '난이도', '편백', '페어', '많은', '웨이', '수국', '일송', '잔디', '동반', '시설', '위미항', '리조트', '다양한', '평형', '편안한', '갈치', '울창', '가성', '캐디', '대우', '경험', '구경', '천혜', '숲길', '도전', '산림', '수림', '나무', '피톤치드', '오름', '아름다운', '친구', '플레이', '프로', '편이', '통나무', '풍경', '해발', '겨울', '처음', '배경', '위임', '음식', '여기', '레이아웃', '전혀', '항상', '다금바리', '식당', '저렴한', '거의', '숙박', '둘레길', '해저드', '둘레', '가면', '동시', '가능한', '자연림', '자리', '해산물', '사우나', '미터', '상당히', '추천', '보존', '고객', '카페', '주시', '안개', '공항', '샤인', '특색', '서귀포시', '있겠습니다', '개성', '짧은', '서비스', '동백꽃', '숙소', '사장', '삼림', '시세', '멍게', '인플레', '야생화', '방어', '요구', '만끽', '새우', '힐링', '국적', '전화', '계곡', '카톡', '최고', '포장', '그림', '건강', '거래소', '피로', '좌우', '정상', '한눈', '감상', '기분', '회장', '환경', '모듬회', '북서', '그런지', '가깝게', '치면', '아버님', '입지', '명의개서', '신선한', '의욕', '잔뜩', '카트', '스팟', '카페테리아', '공기', '타고', '사계절', '통해', '치유', '약간', '푸른', '워터', '분위기', '남원읍', '이쁜', '유명한', '삼나무', '부분', '인기', '전복', '기회', '맛있었어요', '즐거움', '각종', '발생', '요즘', '기도', '비린', '소라', '설명', '상태', '수가', '평소', '편의', '있기', '수도', '타자', '입장', '장타', '적절히', '일단', '전장', '이승', '이기', '의식', '음이온', '접근성', '종류', '좋고', '웅장', '오징어', '철쭉', '연락', '언제', '씨티', '신분', '쉬운', '커피', '사실', '아니면', '구분', '따뜻한', '매운탕', '망할', '미리', '껍질', '거리', '골프공', '기억', '김밥', '다만', '부여', '달리', '경치', '더즌', '개발', '멋진', '계절풍', '돼지', '관광', '여름철', '아니어서', '조식', '연못', '긴장', '고등', '어회', '아름답게', '멀리', '좋을', '관련', '개인', '좋아요', '제대로', '있죠', '맛있다고', '정원', '러프', '있으시면', '있었는데', '있었고', '있는데', '도움', '티샷해', '자생', '덕분', '입구', '눈앞', '매력', '높은', '레저', '리버', '넓은', '유지', '마지막', '남원', '정교함이', '필드', '아니라', '피톤', '호텔', '가족', '헤저드', '지형', '번지', '실룸', '짜릿한', '기차', '서성로', '병풍', '보이지', '부대', '참꽃나무', '생선', '금액', '첫날', '상세', '그때', '최초', '비교', '산책', '군락', '비슷한', '구이', '비행기', '지난', '있지만', '주차', '주의', '기후', '스트레스', '필요한', '신랑', '스끼다시', '간장', '시원하고', '식사', '중개', '해독', '특유', '다양하게', '좋게', '저렴하게', '청정', '초밥', '기복', '특별자치도', '주차장', '좋았어요', '좋은데', '대신', '길가', '자연환경', '규모', '자세한', '축제', '도미', '취소', '치드', '판매', '주문', '전부', '중인', '관광지', '정확한', '크게', '클라우스', '고생', '고등어', '즐비해서', '테라스', '조용한', '기타', '고기국수', '지용', '조성', '제외', '지자체', '정취', '전체', '정성', '남국', '정면', '정규', '중지', '좋네요', '찍기', '공동묘지', '차로', '내내', '내륙', '중제', '고지', '주소', '가기', '계획', '건강해지는', '핑크', '모습', '필요하', '심신', '가까운', '명문', '명랑', '아쉬움', '아웃', '아이비', '아이언', '애리', '야외', '야자수', '양념', '어려운', '어렵고', '있었네요', '없어서', '합리', '시기', '감동', '샐러드', '비주', '비기너', '산수화', '산악', '산책로', '부킹', '새벽', '횟집', '회로', '뭔가', '가능하며', '혹시', '선호', '벙커', '솔직히', '뱃살', '배달', '수족관', '거실', '어제', '에코랜드', '락카', '음료', '먹기', '마음', '의미', '침실', '레스토랑', '이미지', '이뻐', '랍니', '계절', '많아', '라운딩하', '드릴', '입맛', '입장료', '동백', '있게', '동국', '있고요', '있구요', '마카롱', '레이', '여러', '여름', '연락처', '먹거리', '게다가', '겨울철', '품격', '결코', '예전', '걷기', '계십니다', '외부', '편안하고', '매물', '용품', '운동', '원하시는', '많아서', '흥분', '같고', '가능하게', '흥미로운', '흔히', '가끔', '같아서', '고고', '계신가요', '간혹', '뿌리', '좋아하는', '좋아서', '어지러운', '어선', '멀지', '멋있죠', '명상', '명품', '명함', '시원한', '시원하게', '모시', '무슨', '무엇', '무조건', '문의사항', '순간', '문자', '반대쪽', '세컨', '선택', '서서', '샤브샤브', '새해', '부모님', '상황', '상상', '부추', '상관없이', '없어야', '없어요', '연구', '잡고', '좋아', '좋더라구요', '좋겠다는', '좁은', '좁아요', '좁고', '좁게', '좀더', '존재', '조화', '조용하고', '전복죽', '잠시', '연상', '자락', '빠른', '있으신', '있었어요', '인라운딩', '매번', '오픈', '오션', '머리', '영화제', '영화', '영향', '자꾸']"
8,일본,퍼시픽블루,"['리조트', '온천', '공항', '바다', '최고', '가든', '거리', '그린', '조식', '석식', '아름다운', '송영', '시설', '카트', '선정', '다산', '서비스', '로얄', '숙박', '페어', '식사', '웨이', '추천', '태평양', '인기', '유후인', '다양한', '좋은', '관광', '전용', '명문', '로스', '플레이', '자연', '음식', '환상', '대우', '안정', '별장', '경관', '사진', '전세기', '레스토랑', '가성', '저녁', '스페인', '쿠니', '일출', '일체', '사케', '프로', '특식', '유럽', '통신', '가치', '많은', '넓은', '가까운', '벳푸', '중식', '차량', '전통', '반도', '고객', '법인', '인천', '부장', '요리', '연못', '숙소', '접근성', '전경', '접종', '디자인', '없습니다', '백신', '힐링', '특별', '경험', '캐디', '콘도', '기후', '전화', '횟수', '정식', '소유', '로열', '마음', '잔디', '대회', '명품', '모임', '유명한', '비교', '이유', '부대', '도보', '인수', '천혜', '국제', '선택', '난이도', '취득세', '우선', '제일', '기네스북', '가족', '업그레이드', '좋았습니다', '휴식', '단체', '마지막', '있다는', '문제', '가이세키', '즐거운', '이후', '만큼', '오픈', '발행', '전장', '완료', '사계절', '네트웍', '장비', '경비', '티샷', '프리미엄', '처리', '기회', '사실', '계절', '개인', '식당', '높은', '인천공항', '편하게', '없음', '직항', '나스닥', '복리', '나무', '인플레', '뷔페', '광고', '보장', '격리', '뱃부', '비행기', '유주', '이자', '벙커', '후생', '자가', '불편함이', '기본', '수용', '수리', '기업체', '라면', '규슈', '가능한', '사우나', '점심', '상세', '거의', '저렴한', '천재', '관광지', '오션', '가능하며', '거실', '열사', '온화한', '핵심', '연락', '없을', '아웃', '건물', '후쿠오카', '최대', '레이', '있을', '기네스', '럭셔리', '코트', '규모', '동반', '전체', '탁구', '구조', '구장', '매일', '매출', '증서', '티웨이항공', '자회사', '증여', '배정', '복층', '일몰', '최종', '단층', '편의점', '노래방', '진행중', '바닷가', '정규', '주시', '카톡', '아니라', '앵콜', '지중해', '언제', '코스닥', '종류', '조화', '히트', '시기', '정통', '포토', '에어버스', '입금', '인근', '평가', '일식', '풍경', '편안하게', '편성', '최고급', '풍부', '자존심', '여권', '완판', '전망', '타입', '키시', '평탄한', '스트로', '호텔', '여름', '해저드', '실로', '등재', '등록', '설명', '리지', '선호', '선착순', '불편함', '구비', '브릿지', '블로그', '굴지', '그동안', '소문', '동안', '독채', '기분', '기온', '기타', '김동준', '사시미', '나인', '내용', '셔틀', '고기', '같습니다', '말씀', '계약서', '발표', '멀리', '가시', '가로', '수영장', '스키야키', '겨울', '수도', '경치', '목조', '대형', '즐겁게', '자리', '담당자', '지원', '며칠', '대명사', '중앙', '마련', '장소', '재미', '멋진', '동이', '스탑', '락커룸', '적극', '전국', '랭킹', '많습니다', '로서', '지형', '지주회사', '친선', '다이나믹', '해외여행', '편의', '고급', '필드', '하니', '항상', '해결', '개홀', '노선', '핸디캡', '형태', '호쾌', '확정', '가라오케', '가능하고', '편리하고', '파노라마', '티잉', '특별한', '구역', '테니스', '국회', '그니', '금도', '금액', '기대할', '침대', '있지만', '친구', '김해', '넓다', '짧은', '무안', '가기', '상승', '요청', '야심', '양식', '우승자', '이면', '의사소통', '언어', '연속', '생선', '운동', '비롯', '운항', '운행', '상장', '수가', '워터', '여행사', '소중한', '유명', '여분', '앤빌', '색상', '수준', '일반', '미국', '스크린골프', '있게', '신분', '상황', '오진', '일품', '일행', '위임', '오히려', '영상', '커피', '곳곳', '컨트리', '국적', '공이', '편안한', '연중', '국제공항', '오르막', '연습장', '판이', '오솔길', '귀국', '테라스', '구분', '교수', '새로운', '특별할인', '무조건', '설계자', '감상', '한정', '수정', '아마추어', '현장', '숙박시설', '순차', '홍보', '없어', '확보', '스코어', '감사', '간단한', '시원하게', '스타일', '한식', '한글', '하얀', '어떤', '어려움', '게시', '경기', '풍차', '풍부한', '경기도', '경쟁력', '푸른', '표현', '평점', '평균기온', '계단', '편입', '경제성', '취소', '기도', '카카오', '볼거리', '부부', '부분', '링크', '부산', '인상', '브리티시', '비결', '뒷문', '조리', '조선일보', '비경', '동영상', '좋다', '좋아서', '맑은', '망하는', '전문', '명과', '있다고', '자세한', '자세히', '목재', '자형', '명시', '잡고', '망하실', '미터', '재팬', '반드시', '밴드', '망할', '벳부', '비행', '도전', '주가', '사전', '깨끗하게', '욕실', '최근', '최상', '최적화', '길게', '외관', '내내', '있도록', '치룰', '상급', '완만', '상비', '카이세키', '우승', '천장', '주로', '대단원', '사랑', '주의', '대욕', '중심', '유리', '사리', '지방', '차이점', '위로', '사모님', '단독', '운딩', '차로', '차이', '스텝']"
9,일본,그린랜드,"['호텔', '놀이', '공원', '리조트', '라멘', '단체', '숙박', '입장권', '관광', '놀이기구', '자유', '그린', '규모', '최대', '오렌지', '초밥', '스시', '레스토랑', '복합', '사진', '야간', '시설', '카트', '도보', '여름', '워터파크', '스티커', '돈코츠', '인기', '일본어', '로서', '셋트', '잔디', '실시', '착용', '매일', '여개', '방책', '가능하며', '플레이', '겨울', '거리', '페어', '친구', '가족', '여기', '연인', '외부', '올해', '오시', '루미', '오니', '소독', '패스', '개최', '가까운', '프리', '스포츠', '없습니다', '계산', '라이', '음식', '월요일', '무사시', '상태', '후쿠오카', '좋은', '부탁드립니다', '네이션', '저녁', '추천', '장어', '있도록', '불꽃놀이', '인스타그램', '금액', '석식', '인왕', '사태', '시니어', '식사', '해당', '실내', '세트', '부분', '분위기', '시기', '회전초밥집', '확대', '화이트', '세금', '뷔페', '신장', '진단', '한정', '원래', '주문', '주먹밥', '조식', '정표', '정비', '춘분', '카페', '캐디', '임시', '커플', '이하', '웨이', '탑승', '심리', '우동', '파라오', '예시', '연령', '여러', '즐거운', '평가', '없음', '어떤', '양해', '필요', '알콜', '이집트', '흡연', '마음', '다양한', '골든위크', '라면', '롤러코스터', '마지막', '만두', '개인', '유원지', '표시', '폐렴', '곳곳', '당일', '음료', '공항', '구루메', '패널', '구마모토', '테이블', '원하시는', '미니', '우한', '우천', '일본인', '고려', '피리', '고대', '요리', '고객', '계획', '오픈', '현금', '결제', '예쁜', '홀리데이', '예방', '터치', '입구', '구역', '더위', '주의', '중식', '날로', '좌석', '날개', '좋겠네요', '지도', '종류', '지점', '제초', '제이', '정리', '정기', '접시', '접근성', '채소', '전화', '미소', '전달', '최소', '장마철', '카라', '있을', '닌텐도', '있다는', '기본', '있겠습니다', '다르기', '입욕', '영상', '주차장', '데코', '아니겠어요', '선택', '리틀', '가성', '셀프', '룩소르', '연기', '소식', '송영', '수도', '수학여행', '스타트', '감염', '스폿', '황금', '런치', '서비스', '상황', '휴무', '보험', '바다', '바이러스', '발생', '매직', '배경', '벙커', '매운', '상이', '맛집', '맛있는', '부터', '빨간', '산정', '삼일절', '견적', '소바', '아리아케', '얼마', '여행자', '도시', '도쿄', '동그라미', '락커', '도쿄올림픽', '동안', '어른', '안타깝게도', '동반', '어린이', '안심', '한시', '챠슈', '풍경', '참가', '찬양', '찬스', '천연', '체온계', '체온', '한가지', '학교', '할로윈', '체육', '체인점', '체크', '초등학생', '깜빡', '초보자', '깔끔하게', '최상', '최선', '하프', '나오니', '휴일', '휴식', '차로', '중심', '중앙', '중요시', '중지', '중학생', '호출', '즐겁게', '즐겁다고', '증상', '호불호', '지난번', '화덕', '현관', '지불', '핸들', '지정', '해쉬태그', '화요일', '지조', '난해한', '진입', '진정', '진해서', '차량', '추앙', '휴교', '축제', '길었던', '후아힌', '후식', '토요일', '효고', '통화', '투고', '튕겨봐', '트랙', '트위터', '특제', '파도', '파도풀', '프로도', '파티', '판타지', '프로', '회의', '펑펑', '편리하', '중순', '환상', '편의', '편하게', '풍부합니다', '환기', '화창한', '택시', '탐험', '추첨', '탄생', '추하는', '포인트', '길게', '취하', '치바', '긴급', '필요하다는', '카운터', '카이', '카카오', '기획', '기회', '칸차', '칼칼하게', '피하', '기타', '피자', '커피', '컨벤션', '콩나물', '쿠로', '프론트', '쿠마모토', '크기', '타카', '편리함이', '전문', '주식', '담백해서', '유적지', '유의', '위주', '달라짐', '달콤한', '원하기로', '웅장', '달동', '운딩', '우정', '우선', '우려', '당첨', '요컨대', '유지', '음악', '요즘', '단축', '단연', '인생샷', '인생', '단위', '단지', '이탈리안', '이자카야', '의미', '이야기', '이쁘지', '이렇듯', '이러한', '이기', '의한', '요청', '외출', '일반', '로고', '랜트', '랠리', '런치시간', '레일', '렌탈', '련된', '로비', '랍니', '로어', '리지', '링크', '마스터카드', '마음껏', '만족', '랜탈', '돈코츠라멘', '대가', '대응', '왕래', '와카', '대여', '올림픽', '온천', '온라인', '오사카', '돈까스', '오붓한', '대책', '오들오들', '대한항공', '대형', '예쁘답니다', '인천', '일본도', '주소', '점수', '네비게이션', '정교한', '점점', '점원', '점심시간', '점심', '전화번호', '넓은', '전부', '전문가', '전날', '저렴해서', '저렴하여', '저렴하게', '정원', '제격', '노천온천', '좋아하는', '날짜', '죄송하지만', '좋을', '남성', '좋아한답니다', '좋아하신다면', '좋고', '제대로', '종종', '종일', '조치', '조언', '내용', '제법', '저녁때', '재미있는', '다양하게', '입맛', '있듯이', '있다니', '있는지', '있는듯', '있나', '있겠네요', '입국', '있었던', '다리', '일찍', '일주일', '일이', '일요일', '일왕', '있어서는', '있으면', '재개', '자주', '높이', '장수', '장소', '장마', '장난', '누구', '자제', '있음', '자유롭게', '느끼하다는', '자연', '자신', '자세한', '있지', '가게']"
10,대한민국,오너스,"['그린', '티샷', '좋은', '웨이', '페어', '해저드', '잔디', '자연', '프로', '사진', '벙커', '케이프', '사우스', '레이크', '차량', '드라이버', '오르막', '스코어', '전문', '내리막', '그늘', '거리', '캐디', '플레이', '아이언', '가을', '경치', '도전', '상태', '카트', '필드', '스타트', '많은', '기분', '겨울', '별로', '리믹스', '기억', '새벽', '부킹', '동반', '아름다운', '시설', '개인', '싱글', '구장', '오비', '처음', '세컨샷', '거의', '언니', '스윙', '등록', '헤저드', '버디', '식사', '번호', '도담', '사실', '그렉', '변화', '계절', '점점', '서비스', '인터넷', '맛집', '마음', '대회', '차이', '오픈', '장소', '노랑', '레이', '미터', '규모', '횟수', '선수', '사전', '사계절', '붕어빵', '아름다', '부터', '영상', '조인', '여름', '기온', '난이도', '남산면', '리조트', '순간', '오션', '시간대', '선풍기', '전체', '선택', '연결', '법인', '상황', '소리', '완전', '블로그', '운전', '없습니다', '변동', '일단', '있다고', '소나무', '경험', '지형', '결과', '경관', '고객', '짧은', '골대', '참조', '편안하게', '퍼팅', '특별', '추억', '춘천시', '트렁크', '치면', '친구', '타임', '나이스', '깃발', '덕분', '기념', '홀인원', '동생', '즐거운', '동안', '가성', '동영상', '중앙', '화이트', '파로', '아쉽지만', '아시', '환상', '탈출', '홍보', '휴식', '스마트', '아이피', '힐링', '안전합니다', '타수', '퍼터', '한장', '실제', '아닌데', '심지어', '필요', '피니쉬', '실력', '해당', '평지', '어디', '평소', '핸디', '호반', '심해서', '호수', '편안함', '편안한', '가면', '제법', '없어서', '어떨까', '작은', '인사', '인원', '짧고', '있게', '있는데', '진언', '있도록', '지점', '자중', '중이', '타고', '잠깐', '중요한', '전반전', '전장', '좋네요', '좋구요', '정상', '정신', '좁고', '이지', '이기', '이구', '유리합니다', '크게', '어묵', '언제', '정원', '연락', '연속', '예전', '최상', '최고', '촬영', '채팅', '오후', '올해', '외관', '요가', '요즘', '우도', '운동', '찬스', '가능하고', '힘들어지고', '만끽', '경기', '뛰어난', '공이', '공지', '관심', '모임', '굿샷', '맴버', '두번째', '금액', '벌써', '멀리건', '멋지게', '기록', '길게', '멋진', '배틀', '깔끔하게', '발전', '멤버', '도중', '넓은', '명문', '바나나', '도시', '미리', '능력', '무조건', '무난', '단체', '레스토랑', '따뜻한', '매너', '로비', '막상', '마지막', '많아서', '리무진', '갈증', '세컨', '감동', '롱홀', '말씀', '거기', '강원도', '대기', '같은데요', '레이디', '선물', '좋고', '전용', '조형', '정확히', '돌이', '제대로', '도움', '조심', '짜릿한', '동리', '전어', '제이', '더위', '제외', '전망', '대란', '전달', '전경', '지인', '쥬스', '드라이브', '정면', '종료', '둘레', '좋았던', '로서', '좌우', '주문', '주최', '점차', '동문회', '로치', '점심', '점수', '전편', '조화롭게', '정지', '동시', '동호회', '숏홀입니', '당일', '핸디캡', '계곡', '경사', '포근한', '포인트', '게임', '같은데', '필요하신', '하이브리드', '한낮', '같습니다', '항상', '강하게', '감탄', '행복한', '다운', '행진', '향합', '허락', '감상', '간혹', '홀컵', '각자', '각기', '가평', '가운데', '휘슬', '가시', '가볍게', '골프공', '과감', '구분', '퍼블릭', '초록', '초청', '높은', '녹지', '장시', '추천', '내장', '취소', '남자', '남아', '친목', '칭찬', '꽃말', '컨설던트', '기상', '타로', '급경사', '그런', '통과', '통해', '그랜드', '그냥', '규정', '티샷하', '티샷할', '티업', '파란', '노력', '자주', '잠시', '아니죠', '분명', '분리', '아름답고', '아마추어', '아쉬움', '부지런히', '봄날', '아웃', '본격', '벤츠', '안되고', '안되는', '안전', '베스트', '알프스', '앞팀', '약간', '양쪽', '양파', '얘기', '어떤', '번홀파', '어떻게', '백돌', '어프', '어플', '언덕', '배려', '얼마나', '분위기', '불어', '없다', '아니고', '수니', '수려', '수행', '숙녀', '숙박', '숙소', '셀프', '스레', '센스', '스샷', '성향', '성적', '스테이', '설치', '설명', '시원하게', '시원한', '시합', '식당', '설마', '신상', '실내', '실수', '서도', '색다른', '심하고', '심한', '비지니스', '비싼', '없겠죠', '배경', '만점', '인공', '인증샷', '인지', '매력', '매니저', '일부러', '일요일', '일이', '일출', '일행', '입구', '맞춤', '맘껏', '있다는', '있더라구요', '맑은', '있을', '있지요', '자꾸', '자동차', '자세', '자세한', '자세히', '자연환경', '수고', '자체', '작성', '많아', '만큼', '잔뜩', '맥주', '멀리', '여기', '이유', '발생', '박스', '바이러스', '바로가기', '연습장', '영향', '예쁘게', '오뎅', '뭔가', '무엇', '묘미', '온천', '모시', '모습', '몇번', '명절', '욕심', '우드', '며칠', '운딩', '월별', '웨어', '메인', '위약', '위험합니다', '의전', '이런거', '이야기', '이웃', '아니라']"
11,중국,남산,"['호텔', '국제', '공항', '거리', '그린', '식당', '레슨', '시설', '최고', '좋은', '추천', '황제', '필드', '스크린', '캐디', '스크린골프', '숙박', '센터', '시내', '실장', '차량', '굉장히', '프로', '마오', '프라이', '불광', '연습장', '스윙', '남산국', '도전', '호점', '남자친구', '리조트', '실제', '화장실', '선택', '페어', '꼬치', '웨이', '조식', '서비스', '테라스', '사진', '편이', '시스템', '좋았어요', '카트', '명문', '요즘', '인천공항', '많은', '설명', '자주', '가능한', '규모', '최대', '시원한', '타운', '개인', '실력', '처음', '식사', '다양한', '아시아나', '성지', '정확하게', '지인', '마음', '내부', '석식', '아카데미', '충분히', '싱싱한', '무엇', '고량주', '산악', '최고급', '해산물', '럭셔리', '대불', '기내식', '내내', '중식', '눈치', '요리', '분위기', '특별', '신경', '부분', '인천', '불상', '자연', '하니', '수상', '있지요', '비행', '사계절', '편안한', '편의', '여기', '편안하게', '비행기', '비자', '언제', '상태', '연태시', '샤브샤브', '수압', '쿼드', '특급', '연중', '순이', '있다는', '숙소', '타석', '케어', '연락', '아니라', '아름다운', '아시아', '설정', '있었는데요', '약간', '얘기', '인테리어', '매력', '북적', '도보', '대회', '대접', '종류', '플레이', '좋아서', '픽스', '단령', '누구', '노하우', '주차', '난이도', '용구', '깨끗하게', '김동현', '기술', '친절하게', '그늘', '운동', '육수', '국가대표', '구현', '친구', '유명한', '취미', '출시', '최적', '고객', '가이드', '가면', '작성', '데이트', '매일', '재미있게', '박닌', '문제', '재료', '밴드', '편하게', '장내', '몰입도', '동반', '명절', '부가세', '잠깐', '포인트', '발전', '이기', '많고', '만족', '전체', '막상', '와인', '프렌즈', '제대로', '제외', '레이아웃', '제휴', '등등', '위생', '일반', '음식', '이야기', '이색', '함스짐', '인사', '한식', '필요없이', '평상시', '임팩트', '가능하니', '탄도', '중요한', '젊은', '정상', '조성', '좋고', '좋네요', '좋아요', '좋았습니다', '주시', '주차공간', '중구', '카메라', '입금', '친절하고', '중이', '즐겁게', '증서', '지대', '지불', '진정한', '최초', '천원', '초보자', '전혀', '전일', '전량', '전담', '입맛', '입문', '타고', '크게', '쾌적한', '있다고', '있더라고요', '있었고', '있었던', '있었어요', '카지노', '있으신', '자리', '자마자', '자유롭게', '장박', '재미', '재밌게', '저녁', '저렴하게', '전경', '월례', '없을', '상황', '색다른', '멀리', '매월', '망고', '만두', '마트', '마찬가지', '마지막', '마사지', '마련', '로치', '레스토랑', '독립', '데이터', '대우', '대리', '명가', '묘미', '무려', '분석', '사랑', '빠름', '빠르기', '뷔페', '불편함이', '불리', '부탁', '발행', '부부', '벙커', '법인', '배정', '방음', '방면', '대국', '담당', '단지', '고속', '교제', '관심', '관광지', '관광', '공덕', '고요', '고급스럽고', '구장', '계좌', '경관', '거기', '강력', '가족', '가로', '구입', '국민은행', '다양하게', '깨끗하고', '논현', '넓은', '넓어서', '넓고', '나이', '끼리', '깔끔한', '귀빈', '길다', '기분', '금요일', '금세', '그런지', '귀염', '산동성', '체크', '샤워', '완전', '없어서', '휴식', '훈련', '횟수', '오시', '화려한', '용이', '어프', '호수', '호관', '형식', '운전', '운항', '향상', '없습니다', '회전', '어려운', '실감', '시원하게', '순간', '어디', '수화물', '손가락', '속도', '시원하고', '시점', '설치', '스포츠', '야외', '실의', '선릉', '해양', '초대', '초대형', '쾌적하게', '해지', '형상', '해장', '향신료', '향연', '항상', '해물탕', '해물파전', '호이안', '해발', '해변', '협회', '합계', '화창한', '호출', '화이트', '체험', '트윈', '휴먼', '특별하고', '휘트니', '특별한', '훌쩍', '후회', '특별함이', '특식', '후다닥', '특이하게', '효율', '행복', '회긔', '활동', '환상', '환기', '환경', '확실히', '확실한', '햇빛', '원하는', '청결하게', '원하시는', '우려', '우선', '우즈', '운딩', '울창', '웃음', '원래', '원스톱', '원시림', '원장', '원하신다면', '요청', '월량', '위너스', '유니폼', '유럽', '유명한데요', '유명해서죠', '유실수', '유지', '은근', '은은한', '용기', '요게', '청결', '예전', '연출', '연혁', '열광하는지', '열사', '염습', '영국', '영접', '영화', '영화관', '예쁜던지', '옌타이', '외곽', '오승현', '오전', '오지', '오픈', '오후', '옥터', '온천', '올림픽', '완벽한', '완벽해서', '은화', '의도', '의류', '중후', '있게', '있는거', '있는데', '있더라구요', '있도록', '있었거든요', '있었던거', '있으', '중요한데요', '중요합니다', '진리', '의지', '짜장면', '짜증나는데', '짧아서', '차로', '차만', '차원', '참치', '창동', '창문', '첫날', '입장권', '입장', '입니다오', '입국신고서', '의하면', '이건', '이글', '이내', '이럴', '이미지', '이쁘고', '이외', '이유', '이의', '이지', '익숙한', '인기', '인상', '인접', '인플레', '일부', '일석', '일체', '임금', '입국', '휴양']"
12,중국,미션힐스,"['리조트', '최고', '시설', '최대', '온천', '스파', '호텔', '다양한', '대회', '아시아', '규모', '국제', '벙커', '그린', '테마', '선정', '좋은', '많은', '센터', '기네스북', '등재', '공항', '타운', '난이도', '워터파크', '레저', '자연', '레스토랑', '수준', '가족', '면적', '미네랄', '챔피언십', '프로', '무비', '선수', '쇼핑', '유명한', '개최', '부대', '심천', '기회', '동관', '거리', '해구', '럭셔리', '휴양지', '블랙스톤', '캐디', '아니라', '카트', '유명', '증정', '박인비', '숙소', '하와이', '태평양', '제곱미터', '월드', '인기', '통해', '타이거우즈', '선착순', '정규', '플레이', '최상', '화산', '숙박', '동양', '조식', '설명', '레이디스', '명문', '동시', '국제공항', '한식', '스포츠', '관광', '서비스', '디자인', '엔터테인먼트', '이기', '로리', '높은', '중식', '사진', '판매', '자리', '페어', '아름다운', '겨울', '지형', '경기', '웨이', '미국', '과장', '수영장', '영화', '모습', '전화', '기온', '맥길', '남단', '토너먼트', '파크', '기후', '특급', '기록', '일식', '로이', '인천공항', '분위기', '별로', '처음', '올해', '매년', '넓은', '레빌', '경관', '전체', '품격', '특별', '식사', '내내', '차량', '타이거', '센트', '이야기', '하이', '대형', '유소연', '우즈', '각종', '양식', '따뜻한', '상세', '재현', '아마추어', '올림픽', '오픈', '식당', '시기', '여러', '자주', '복합', '북쪽', '부분', '즐거움', '있는데', '상당히', '수많은', '있기에', '성우', '주시', '종합', '비자', '선택', '사실', '있게', '상태', '상상', '법인', '유지', '다양하게', '동남아', '거대한', '홍콩', '만큼', '만족도', '마지막', '출시', '우승한', '플러스', '명품', '프리미엄', '풍경', '대규모', '금은', '타고', '끼리', '내용', '유명합니다', '월드컵', '체크', '가성', '무려', '요리', '발행', '천연', '유치', '재미', '특별한', '어디', '유주', '이자', '접근성', '이유', '연락', '이후', '가능한', '자세한', '피로', '하단', '없다', '경험', '아닌', '아이', '위임', '전문가', '조성', '아카데미', '계단', '휴식', '골프대회', '관광객', '없습니다', '한정', '스케일', '광고', '내부', '버즈', '소식', '인사', '입점', '뷔페', '용암', '중요한', '매력', '명성', '모델', '모양', '목적지', '문화', '미드', '미리', '민국', '보험료', '보험', '챔피언쉽', '인상', '셔틀버스', '비롯', '빌라', '드릴', '셔틀', '백신', '세기', '종류', '크기', '대륙', '대리', '더블', '등급', '라마', '친구', '상비', '취향', '마련', '사계절', '언니', '음식', '있다는', '자가', '인공', '이력', '있죠', '가기', '잔디', '카톡', '퀄리티', '킬로', '통합', '투자', '편안한', '필드', '필요', '항상', '해도', '해변', '현명한', '혜주', '호수', '호주', '화산암', '환영', '회의', '회장', '휴양', '케어', '최고급', '장소', '촬영', '저녁', '전망', '전설', '전세계', '전속', '전통', '정통', '제주항공', '좋아서', '주니어', '중이', '즐거운', '증서', '지로', '지속', '직선', '짧은', '참가', '체험', '천국', '아닐까', '디럭스', '높고', '수납', '듭니', '다르게', '베이징', '교육', '수상', '수상한', '광저우', '관심', '관광지', '시상', '고객', '단체', '배한성', '방송', '대결', '도시', '높습니다', '넘버원', '도전', '남부', '기도', '불리', '그런', '그것', '브랜드', '기획', '김동현', '비행', '새로운', '볼거리', '설립', '성공', '까다로운', '소유', '난양', '수가', '수권', '부킹', '바위', '아마', '아시', '왕국', '마사지', '론칭', '건축가', '웅장', '로비', '같습니다', '강수량', '감상', '원스톱', '레이아웃', '가시', '가면', '랍니', '위대하고', '유럽', '라바', '오세아니아', '연중', '연인', '어린이', '격리', '문의사항', '아프리카', '게다가', '야외', '맑은', '연습장', '어떻게', '마음', '어워드', '업그레이드', '없을', '엣지', '여기', '여행사', '연락처', '기념', '기업체', '기복', '대우', '유사', '기능', '경비', '희망', '가깝습니다', '후생', '건물', '걷기', '홍보', '호화로운', '검토', '겨우', '견적', '행복한', '해제', '해외여행', '해양', '경영', '금액', '계산', '구경', '구장', '국적', '피곤한', '굿샷', '굿샷팀들', '궁금', '프로젝트', '궁금하시거나', '풍부한', '궁금하시다면', '궁금하신', '표준', '국민', '지명도', '미터', '장시간', '전화번호', '숙박시설', '전용', '스위트', '신경', '전부', '실내', '전문', '심신', '전달', '전날', '전경', '가까운', '재계', '잡고', '수도', '자체', '자세히', '우승', '운동', '운전', '이지', '이정', '워낙', '이의', '이양구', '원하신다면', '이색', '이만', '이구', '절대', '접종', '박재현', '부장', '반드시', '반듯이', '번호', '짐풀', '별난', '복리', '지인', '지식', '본사', '의미', '지대', '지난', '부부', '부여', '분야', '정글', '분포', '중심', '중상', '중동', '주저', '주인공', '주목', '블로그', '좋겠습니다', '소규모', '쇼핑몰', '정식', '정부', '정문', '힐링']"
13,대한민국,샤인빌,"['샤인', '그린', '파크', '자연', '호텔', '야자수', '리버', '국적', '풍경', '나무', '페어', '좋은', '웨이', '바다', '한라산', '사진', '전장', '남국', '아열대', '야간', '겨울', '플레이', '많은', '동남아', '리조트', '지형', '자리', '천혜', '영향', '거의', '소노캄', '푸른', '안개', '편이', '잔디', '아름다운', '최고', '공항', '거리', '다양한', '해발', '캐디', '기분', '요즘', '식당', '시설', '필드', '가능한', '난이도', '평지', '컨트리클럽', '있도록', '여름', '정취', '조화', '만끽', '선정', '편안한', '추천', '인간', '비기너', '겨울철', '높은', '크리스마스', '시티', '클래식', '카트', '멋진', '제일', '라헨느', '감상', '넓고', '체크', '상대', '계획', '짧은', '고객', '컨셉', '그늘', '롯데', '즐거운', '프리미엄', '보이', '부대', '표선', '상태', '호수', '레이', '레스토랑', '사우나', '중제', '명문', '원시', '숙박', '미우스', '해저드', '잡고', '조인', '규모', '넓은', '금액', '저렴한', '첫날', '연못', '백조', '한눈', '배경', '편하게', '도전', '매력', '착용', '친환경', '모습', '사계절', '숙소', '분위기', '부부', '시리우스', '상황', '벙커', '최적', '처음', '밴드', '소식', '서비스', '식사', '석식', '중지', '중상', '아름다', '있게', '에메랄드', '야생화', '대란', '표선면', '오름', '전혀', '전체', '오션', '오픈', '그렉', '오후', '곳곳', '원하시는', '경관', '유명한', '환경', '같습니다', '인기', '휴식', '인플레', '예쁜', '픽업', '러프', '여기', '특급', '통해', '레이크', '마리', '없고', '정신', '원하는', '수영장', '가끔', '주시', '음식', '얼마', '이러한', '이브', '인상', '인정', '좋아', '야외', '일찍', '셔틀버스', '자율', '재미', '장마', '여성', '시원한', '여러', '오라', '시안', '엘리', '세컨', '없을', '제주시', '안전하게', '전망', '조경', '스러', '전국', '쉐프', '지대', '와이프', '저녁', '세컨샷', '최상', '세인트', '등등', '편입', '편안함', '대지', '더위', '독특한', '동안', '드라이브', '따뜻한', '다수', '레이아웃', '티샷', '로부터', '마음껏', '만족도', '만족스러운', '컨트리', '다이나믹', '품격', '카페', '거래', '가득한', '흥미', '가을', '가족', '간단히', '횟집', '거기', '결정', '남편', '고민', '골린', '해도', '궁금하신', '그냥', '그라스', '날짜', '많아서', '편안하게', '빠른', '모토로', '배치', '최근', '최고급', '생활', '비치', '선배', '미리', '맑은', '맛있는', '카톡', '맞이', '해수욕장', '형성', '호스트', '호강', '자연미', '형수', '행복한', '잠시', '해변', '작은', '장거리', '체력', '청정', '좋지', '횟감', '착시현상', '있네요', '있는데', '힐링', '있다는', '진격', '있어도', '휴가', '지점', '자극', '있었습니다', '있었지만', '있죠', '천둥', '지장', '있지만', '지구', '촘촘', '합계', '지고', '직영', '퍼블릭', '패딩', '중심', '친절하게', '중산', '파로', '중문', '주차장', '친절한', '테마', '조명', '클라우스', '좋네요', '크게', '주위', '치는둥', '치기', '즐겁게', '정원', '적절하게', '해당', '한식당', '한겨울', '필요', '플레이어', '즐거움', '프로', '있겠습니다', '최저', '점심', '접근성', '정리', '추위', '측정', '가까운', '업그레이드', '베이커리', '만족', '먼나무', '먹거리', '많지만', '많지', '많다', '많고', '만족할', '마음', '뒤쪽', '마을', '마운틴', '마는', '링크', '로치', '렌트카', '라면', '명품', '묘미', '무더운', '무지', '블루그라스', '블라인드', '불구', '부터', '부영', '부산', '부라보', '볼록한', '건강', '번개', '버스', '밤하늘', '바탕', '미터', '미니', '드릴', '돼지', '고갈', '그레이', '금요일', '경치', '경험', '계곡', '계셔서', '계절', '그린필드', '그렇다면', '동백나무', '그런지', '그런', '그러니', '괜찮은', '관광객', '관광', '공이', '기쁨', '김해', '나니', '나라', '동백꽃', '도보', '대자연', '대비', '대명', '대기', '답사', '단연', '다양합니다', '다소', '능선', '넓으면서', '게스트', '내내', '낮아', '비경', '사장', '산책로', '연락', '울창', '울산', '운전', '요청', '요소', '왕복', '완전히', '완료', '올레길', '오전', '오버', '오무라이스', '오묘', '살짝', '연회', '워낙', '거북', '감안', '인지', '가능하며', '입구', '가든', '일자', '가성', '가운데', '이후', '원하신다면', '이외', '이색', '이기', '유일하게', '유의', '유명하다', '연출', '예쁘지', '여분', '실망', '에이', '신라레져', '시세', '시내', '스타트', '스키', '스코어', '순간', '수준', '수영', '수려', '설명', '선택', '선착순', '서로', '실내수영장', '실내', '실장', '어디', '없어서', '없습니다', '없다', '언제', '언론사', '어떤', '어프', '알록달록', '안쪽', '아쉽게도', '아름답게', '아기자기한', '심지어', '곳이므', '홍팀', '휴게', '휘트니스클럽', '휴양', '흔적', '희망', '있게끔', '한가운데', '하천', '있기', '있기에', '임충', '있다고', '있다고하네요', '있다는거', '있더라고요', '일요일', '자그만한', '원퍼팅', '원시림', '있군요', '풍경화', '프라이', '하니', '하반기', '하와이', '힘든']"
14,대한민국,용인,"['용인', '그린', '블루원', '거리', '사랑', '웨이', '잔디', '페어', '코리아', '드라이버', '벙커', '많은', '플레이', '플라자', '퍼블릭', '티샷', '캐디', '사진', '야간', '스코어', '전체', '카트', '마슨생님', '공이', '한림', '벚꽃', '미터', '좋은', '자연', '연습장', '상태', '필드', '버디', '나무', '모습', '문어', '구장', '명태', '도전', '처음', '오빠', '대회', '접근성', '실제', '마지막', '기록', '법인', '다양한', '시설', '골드', '겨울', '거의', '남자', '조인', '아이언', '스윙', '짧은', '양지', '같다', '여기', '해저드', '운딩', '콘도', '상당히', '친구', '편이', '레저', '동반', '퍼팅', '가까운', '안정', '용인시', '있을', '경기도', '시세', '아마추어', '안개', '어떻게', '화이트', '전통', '요즘', '오전', '언제', '많아서', '어프', '어려운', '세현', '제대로', '카운티', '세컨', '최근', '스타트', '직진', '수도권', '지정', '서비스', '인기', '힐링', '고생', '같습니다', '경험', '그늘', '개최', '개인', '기분', '관련', '명문', '여자', '고속도로', '장소', '자주', '좋을', '지산', '있었다', '겨우', '보이', '측정기', '오픈', '거래량', '분위기', '비교', '있는데', '라이트', '태광', '식당', '개성', '티업', '오래된', '기회', '기흥', '편안한', '새벽', '멀리', '예전', '영상', '세컨샷', '별로', '여름', '없고', '얼마나', '구봉산', '약간', '수도', '실수', '사파이어', '아닐까', '연락', '인근', '투온', '가능한', '홍보', '핸디캡', '한화', '하니', '갑자기', '프로', '편입', '편리한', '같은데', '파로', '타운하우스', '있었는데', '건물', '처인구', '챔피언', '찬스', '차장', '경주', '조림', '조경', '제일', '내리막', '자락', '남사', '시원한', '문제', '메이저', '레이', '로치', '리조트', '높은', '넓은', '매력', '매콤', '예쁜', '경관', '우드', '조명', '리베라', '조화', '좋다', '시원하게', '기억', '지점', '스트레스', '기온', '스크린골프', '결정', '결과', '차이', '올해', '다이아몬드', '긴장', '아닌', '그런', '이기', '마스터', '영배', '영도', '맛집', '여사', '입장', '없어서', '자리', '멋진', '매트', '저렴한', '전장', '마음', '점점', '규모', '안성', '정신', '그냥', '무척', '명예', '대형', '즐거움', '포인트', '상대', '후반전', '내부', '환경', '핸디', '해도', '항상', '한잔', '가면', '부분', '편하게', '대결', '편안하게', '퍼트', '나름', '와중', '문의사항', '라이', '치면', '깔끔하게', '요리', '가득한', '일부', '거기', '높이', '있다는', '많다', '있지만', '롯데', '합리', '고요', '도로', '만큼', '고수', '인터넷', '인수', '장타', '레져', '이후', '헤저드', '혼자', '더블', '이글', '이건', '거래소', '활용', '위로', '황규', '효과', '맞춤', '추천', '루비', '컨트리클럽', '재미', '통해', '트리플', '중앙', '특별한', '준우승자', '좋을것', '경력', '좋아요', '좋아', '좋다고', '좋고', '종류', '좁은', '퇴근', '티잉', '등등', '즐거운', '편의', '당황', '다소', '정확히', '타수', '천연', '표시', '품격', '독자', '고객', '가족', '전화', '컬러', '가을', '게임', '일단', '완전', '상황', '없다', '멀지', '얼마', '교통', '사우나', '어묵', '국물', '굿샷', '양념', '아이비', '아울렛', '아니라', '생활', '남부', '심신', '근교', '실력', '신생', '선택', '가까이', '시공', '시계', '길고', '무난', '수가', '수박', '난이도', '멘탈', '수준', '내용', '오후', '베테', '넓고', '미팅', '미리', '예보', '부대', '괜찮아', '레슨', '락커', '크게', '화이팅', '라이프', '설치', '타이거', '선물', '태영', '더운', '설정', '성공', '확실히', '캐리', '벌써', '세번', '세월', '레이디', '레이크힐스', '충분히', '길게', '소식', '최고', '천혜', '백암', '배우자', '수목', '서류', '부부', '부탁드립니다', '부드러워진', '보이지', '보지', '복합', '본격', '사실', '한여름', '도움', '나이', '사계절', '비거', '필요한', '물기', '북어', '대기', '드릴', '뭔가', '호수', '도그랙', '깔끔한', '특성', '라베', '라면', '살짝', '햇살', '따뜻한', '문자', '등본', '산소', '같았다', '같아', '수요일', '보라동', '라벤더', '리가', '쉬운', '눈앞', '입구', '굉장히', '있긴', '여건', '있다고', '엉망', '있도록', '많습니다', '멀리건', '있으니까', '있으시면', '골린', '없지만', '없었다', '작은', '만족', '일찍', '일반', '굴곡', '영향', '공도', '괜찮습니다', '공기', '워터', '웨어', '골프채', '유지', '맥주', '발생', '이야기', '괜찮은', '대박', '골프공', '머리', '여성', '인테리어', '저녁', '느린', '무인', '지도', '노력', '주시', '주차장', '모양', '중지', '지난', '지난번', '관심', '식사', '습기', '스피드', '스크린', '진입', '짧게', '짧아서', '차가', '리드', '좋으고', '점수', '조성', '야하는', '권내', '안되는', '정원', '아쉽게도', '마련', '아니고', '조식', '좋았습니다', '써드샷', '조절', '조형', '싱글', '실장', '실외', '모래', '박스']"
15,대한민국,이븐데일,"['그린', '페어', '웨이', '티샷', '사진', '드라이버', '잔디', '청주', '벙커', '난이도', '거리', '자연', '캐디', '그늘', '멋진', '상태', '스타트', '그런지', '플레이', '청정', '타수', '중앙', '디자인', '지형', '이븐', '요즘', '여기', '세컨샷', '명문', '높은', '카트', '충북', '레스토랑', '최고', '선정', '리조트', '저렴한', '짧은', '겨울', '퍼블릭', '처음', '그냥', '프로', '골짜기', '서비스', '해저드', '식사', '내리막', '친구', '티업', '좋지', '이야기', '수준', '이자', '쿠폰', '도전', '상당히', '식당', '올해', '조인', '자리', '락커', '시설', '레이', '잡고', '제로', '아이언', '많은', '라이', '오픈', '해발', '공기', '필드', '해장국', '휴식', '패딩', '프론트', '금액', '경관', '락카', '금방', '우선', '별로', '최악', '소문', '레이디', '체크', '파리', '마음', '평온한', '마지막', '규모', '세컨', '여성', '경치', '선수', '명품', '살짝', '바지', '있죠', '버디', '스윙', '품격', '전환', '편이', '약간', '어려운', '어렵다고', '노력', '없고', '전체', '통해', '스크린', '단계', '보수', '데스크', '기억', '게이츠', '자신', '좋은', '자락', '개성', '예술', '안쪽', '한눈', '오르막', '수도', '오염', '사실', '가성', '조식', '블로그', '주인', '부대', '스파', '스샷', '좋다', '석양', '해도', '소식', '신발', '정략적', '소리', '좁고', '한쪽', '실력', '없어요', '없다', '정신', '없네요', '절벽', '세종', '종료', '경산', '환경', '스코어', '작은', '가을', '타자', '이후', '그레이', '풍경', '힐링', '투온', '추천', '하니', '깊은', '운동', '기본', '두번째', '카페', '가운데', '독특한', '도약', '컨트리클럽', '도그레그', '다소', '더라구요', '대회', '코리아', '대중', '울창', '초정약수', '인접', '미국', '있네요', '남편', '배경', '퍼팅', '지니', '지점', '나기', '미터', '미리', '의미', '웅장', '찍기', '모닥불', '공이', '관련', '멀리', '있게', '넓지', '착한', '자주', '이브', '유명', '자체', '자신감', '자세한', '있으신', '자비', '자리매', '이서', '이유', '일쑤', '입구', '입문', '황태', '있긴', '있다고', '있지만', '확실히', '있으면', '후배', '있었습니다', '한지', '화창한', '장엄한', '지물', '필요하다', '진천', '웨어', '차이', '필요', '천혜', '피해', '청주시', '초보자', '프런트', '최대한', '최초', '평평한', '충청권', '치면', '평온함의', '평가', '편하게', '타구', '탄산수', '특유', '편의', '중제', '중점', '하자', '정규', '장타', '재미', '저렴하게', '혼자', '현실', '전경', '전부', '전장', '절친', '점수', '정확한', '중부', '조성', '합성어', '좁아', '좋고', '한잔', '한여름', '주문', '주요', '한가지', '주의', '차분함', '가능한', '박스', '부킹', '번호', '백돌', '발전', '그게', '바위', '밀리', '미역국', '모자', '모습', '모래사장', '모던', '머리', '맥주', '매물', '매력', '만큼', '만족', '보이지', '비교', '로치', '사철', '심한', '실화', '신시', '신령', '신규', '시세', '스피드', '순수한', '순간', '소나무', '설계자', '선호', '선택', '새벽', '새로', '산속', '산세', '롱홀', '로비', '아디다스', '누리', '넘쳐', '넓은', '냄새', '난도', '나이', '나쁘지', '나무', '나름', '꿀맛', '기운', '기여', '기상청', '기분', '기록', '기대', '그림', '그렉', '높아', '니트', '레저', '다운', '레이아웃', '러프', '랍니', '또롱', '떡볶이', '디자이너', '디아', '든든히', '드로우', '드네', '동시', '돌이', '도로', '대중화', '대명사', '대기', '단체', '아니면', '아름다', '그날', '광천수', '와중', '곳곳', '아름다운', '고민', '고급', '고객', '계산', '계단', '계곡', '경이', '경기', '격조', '게시판', '검색', '거의', '거듭', '갤러리아', '개인', '개월', '같습니다', '우거지', '같다', '운치', '워낙', '감동', '간혹', '가치', '원래', '원시림', '광천', '골린', '국민은행', '없으니', '언제', '어프', '오히려', '어서', '어묵', '어려웠던', '어느새', '약수터', '약속', '야외', '암벽', '안착', '안전하게', '안보', '아시아나', '아쉬운', '아름답고', '얼음', '그랜드', '오후', '연습장', '예쁘게', '귀마개', '에이', '오프', '흡사하죠', '후회', '훌륭한', '필요합니다', '힘들게', '필요하시면', '하늘하늘합니다', '피트', '피하', '힘들겠다', '핑크', '항상', '피로', '후다닥', '황인', '피니쉬', '한마디', '한산하네요', '한실', '플레이어', '헛소리', '허리', '허락', '원하다면', '원피스', '자동', '완전히', '있기', '있겠지', '있겠습니까', '있겠다고', '왕초보', '왜케', '요구', '일찍', '요약', '요하', '욕실', '욕심', '우린', '우여곡절', '이면', '이로', '이레', '이러한', '이동해', '이건모', '의해서', '웬걸', '있길', '있길래', '있나', '있었는데요', '자꾸', '자국', '있음', '있을까', '있을', '있으므로', '와이파이', '있었어요', '있었던', '있었다', '있었는데', '완전한', '있었네요', '있었기에', '있었거든요', '있어도', '있도록', '있더라구요', '있다는거', '완만', '있는에는', '있는것', '힘들더군요']"
16,대한민국,타미우스,"['미우스', '플레이', '자연', '회장', '대회', '그린', '오름', '비즈', '아름다운', '휴식', '잔디', '페어', '지정', '동반', '웨이', '시설', '평형', '애월읍', '한라산', '레이크', '전자신문', '코리안', '편안한', '다양한', '최고', '마운틴', '법인', '명문', '세대', '프로', '많은', '로드', '오픈', '통해', '개최', '등본', '공항', '우드', '금액', '모델링', '호수', '수목', '가능한', '규모', '개인', '선정', '등기', '친환경', '붉은', '같습니다', '감동', '각종', '내내', '레저', '리조트', '선수', '스타일', '호텔', '지난', '최초', '사진', '멀리', '환경', '제주시', '상태', '연중', '연락', '언제', '매년', '숙박', '조성', '사업', '종합', '레스토랑', '묘미', '신문사', '지대', '피로', '산들', '전자', '창규', '가토', '구자철', '높은', '구원', '다이아몬드', '품격', '유지', '좋은', '거래소', '분위기', '야간', '제우스', '주의', '정확한', '사계절', '관련', '캐디', '내부', '본부장', '인기', '실장', '산악', '컨트리클럽', '아늑한', '재직', '부대', '서류', '서비스', '부킹', '장소', '위임', '경관', '이내', '대의', '사랑', '있지요', '사본', '사업자', '사우나', '단위', '구비', '위로', '신청', '관심', '개별', '만원', '벤트', '등록증', '등기부', '매력', '주민등록', '고조', '거리', '가족', '동안', '아니라', '공통', '예전', '전체', '신청서', '증명서', '인상', '계약금', '소비', '서쪽', '환상', '관계자', '완납', '성과', '특별자치도', '편의점', '여름', '넓고', '고려', '특급', '재미', '인테리어', '상금', '철학자', '따뜻한', '최상', '필요', '디럭스', '그라스', '중요한', '추억', '시세', '조화', '포장마차', '전화', '전혀', '배치', '법정관리', '변동', '전문', '재연', '수림', '언덕', '입금', '긴장감', '여러', '안정', '구입', '앤빌', '락카', '가로', '야외', '연회', '경기', '참여', '지원', '갈비', '즐거운', '중심', '주년', '조인식', '겨울', '겨울철', '정규', '정교한', '저렴한', '올해', '장엄한', '경험', '자연환경', '있다는', '신설', '인플레', '계절', '울창', '요구', '완벽한', '완료', '있기에', '항상', '새로운', '바베큐', '서귀포시', '서진', '처음', '모임', '기도', '수영장', '보이', '대우', '리지', '널리', '명칭', '기후', '명의', '북제주군', '부탁드립니다', '성공', '수가', '마련', '넘치는', '그늘', '당시', '레이아웃', '로비', '시공', '로맨틱', '도전', '기대', '단지', '디자인', '문의사항', '신문', '소재', '뛰어난', '전경', '발전', '복분자', '보장', '더덕', '전망', '계산', '복층', '분야', '분포', '분형', '장비', '대지', '자세히', '자리', '사려', '있으신', '있다고', '있기', '일상', '상기', '회의', '바코드', '귀족', '도움', '로얄', '만큼', '마지막', '마음껏', '거듭', '마음', '즐거움', '최근', '매체', '따뜻하게', '체크', '지형', '차원', '차장', '첨단', '맞이', '출전', '문자', '종류', '제일', '카트', '퀄리티', '조형', '좁게', '종결', '명성', '충전', '좋았어요', '드넓은', '메이저', '친절한', '친구', '드라마', '모습', '락커', '나흘', '한층', '특별한', '완성', '형태', '세금', '어떤', '협회', '평의', '업무', '소식', '안개', '공원', '안락한', '영상', '열광', '연지', '한정', '헬스클럽', '수평선', '없습니다', '숲길', '향취', '외출', '설명', '특별', '고민', '신비', '귀한', '어디', '이렇듯', '궁금하신', '심신', '이기', '양호', '풍경화', '시스템', '안쪽', '약속', '웰빙', '슌수케', '월드', '원시림', '선생', '운딩', '내용', '우승상금', '해도', '추위', '합리', '쿠폰', '최적', '표선면', '표현', '푸르른', '푸른', '촬영', '한림읍', '체계', '피부관리', '철철', '추천', '편의', '포근함을', '특별함을', '플러스', '회복', '회원동', '타운하우스', '후배', '타이틀', '탁트인', '훌륭한', '탐라', '확정', '테라스', '화장실', '특색', '출처', '파라다이스', '파종', '협력', '편리한', '쾌적한', '편이', '평수', '칭찬', '평지', '해저드', '해수욕장', '해발', '클래식', '언론', '창간', '참석', '스폰서', '승부', '시기', '시원하게', '시중', '신규', '신나', '신나게', '신분', '심리', '심양', '십년', '아닌', '아름답고', '아마추어', '안고', '애월', '어떻게', '어제', '언론사', '얼마', '스트로', '스탑', '스타트', '샷들', '빠른', '사의', '삼림', '상대', '상세', '상호', '상황', '새롭게', '생중계', '선물', '스키장', '설립', '설치', '성남', '세월', '소주', '수준', '슈퍼마켓', '스케쥴', '스코어', '없음', '에너지', '여명', '주식회사', '조마조마했던', '좋아', '좌석', '좌우', '주관', '주로', '주머니', '주문', '주방', '중문동', '인하여', '중지', '즐겁게', '지도', '지속', '지위', '지인', '지출', '직선', '찬사', '정책', '인과', '여부', '요즘', '역사', '연인', '오롬', '오비', '오시', '오후', '온천', '왕복', '왠만한', '우즈', '인간', '웅장', '유명한', '음식', '응원', '이도', '이미지', '이바지', '이야기', '이하', '흙돼지']"
